{"\u0447\u0438\u0441\u043b\u043e_\u043f\u0440\u043e\u0434\u0443\u043a\u0442\u043e\u0432": 31.57990524671996, "\u0432\u043e\u0437\u0440\u0430\u0441\u0442": 25.206221801791497, "\u0430\u043a\u0442\u0438\u0432\u043d\u044b\u0439_\u043a\u043b\u0438\u0435\u043d\u0442": 7.967869149942624, "\u0433\u043e\u0440\u043e\u0434": 8.203291578260714, "\u043f\u043e\u043b": 4.517832171425499, "\u0431\u0430\u043b\u0430\u043d\u0441_\u0434\u0435\u043f\u043e\u0437\u0438\u0442\u0430": 12.408547474231012, "\u043e\u0446\u0435\u043d\u043e\u0447\u043d\u0430\u044f_\u0437\u0430\u0440\u043f\u043b\u0430\u0442\u0430": 10.116332577628706}